Counter,ResNet50 RI Dropout: 0.2 Val Acc,ResNet50 RI Dropout: 0.2 Test Acc,ResNet50 RI Dropout: 0.2 F1 score,ResNet50 RI Dropout: 0.2 Precision,ResNet50 RI Dropout: 0.2 Recall,ResNet50 RI Dropout: 0.2 True Neg.,ResNet50 RI Dropout: 0.2 False Pos.,ResNet50 RI Dropout: 0.2 False Neg.,ResNet50 RI Dropout: 0.2 True Pos.,ResNet50 RI Dropout: 0.3 Val Acc,ResNet50 RI Dropout: 0.3 Test Acc,ResNet50 RI Dropout: 0.3 F1 score,ResNet50 RI Dropout: 0.3 Precision,ResNet50 RI Dropout: 0.3 Recall,ResNet50 RI Dropout: 0.3 True Neg.,ResNet50 RI Dropout: 0.3 False Pos.,ResNet50 RI Dropout: 0.3 False Neg.,ResNet50 RI Dropout: 0.3 True Pos.,ResNet50 RI Dropout: 0.4 Val Acc,ResNet50 RI Dropout: 0.4 Test Acc,ResNet50 RI Dropout: 0.4 F1 score,ResNet50 RI Dropout: 0.4 Precision,ResNet50 RI Dropout: 0.4 Recall,ResNet50 RI Dropout: 0.4 True Neg.,ResNet50 RI Dropout: 0.4 False Pos.,ResNet50 RI Dropout: 0.4 False Neg.,ResNet50 RI Dropout: 0.4 True Pos.,EfficientNet B4 RI Dropout: 0.2 Val Acc,EfficientNet B4 RI Dropout: 0.2 Test Acc,EfficientNet B4 RI Dropout: 0.2 F1 score,EfficientNet B4 RI Dropout: 0.2 Precision,EfficientNet B4 RI Dropout: 0.2 Recall,EfficientNet B4 RI Dropout: 0.2 True Neg.,EfficientNet B4 RI Dropout: 0.2 False Pos.,EfficientNet B4 RI Dropout: 0.2 False Neg.,EfficientNet B4 RI Dropout: 0.2 True Pos.,EfficientNet B4 RI Dropout: 0.3 Val Acc,EfficientNet B4 RI Dropout: 0.3 Test Acc,EfficientNet B4 RI Dropout: 0.3 F1 score,EfficientNet B4 RI Dropout: 0.3 Precision,EfficientNet B4 RI Dropout: 0.3 Recall,EfficientNet B4 RI Dropout: 0.3 True Neg.,EfficientNet B4 RI Dropout: 0.3 False Pos.,EfficientNet B4 RI Dropout: 0.3 False Neg.,EfficientNet B4 RI Dropout: 0.3 True Pos.,EfficientNet B4 RI Dropout: 0.4 Val Acc,EfficientNet B4 RI Dropout: 0.4 Test Acc,EfficientNet B4 RI Dropout: 0.4 F1 score,EfficientNet B4 RI Dropout: 0.4 Precision,EfficientNet B4 RI Dropout: 0.4 Recall,EfficientNet B4 RI Dropout: 0.4 True Neg.,EfficientNet B4 RI Dropout: 0.4 False Pos.,EfficientNet B4 RI Dropout: 0.4 False Neg.,EfficientNet B4 RI Dropout: 0.4 True Pos.,Ensemble of 1 & 2 Val Acc,Ensemble of 1 & 2 Test Acc,Ensemble of 1 & 2 F1 score,Ensemble of 1 & 2 Precision,Ensemble of 1 & 2 Recall,Ensemble of 1 & 2 True Neg.,Ensemble of 1 & 2 False Pos.,Ensemble of 1 & 2 False Neg.,Ensemble of 1 & 2 True Pos.
0,81.39,79.17,0.79,0.79,0.79,108.0,36.0,24.0,120.0,80.52,81.25,0.81,0.81,0.81,123.0,21.0,33.0,111.0,85.28,83.68,0.84,0.84,0.84,110.0,34.0,13.0,131.0,62.34,64.24,0.59,0.79,0.64,144.0,0.0,103.0,41.0,59.31,61.46,0.57,0.71,0.61,137.0,7.0,104.0,40.0,57.14,56.94,0.48,0.71,0.57,141.0,3.0,121.0,23.0,80.09,81.25,0.81,0.81,0.81,117.0,27.0,27.0,117.0
1,86.15,82.99,0.83,0.83,0.83,120.0,24.0,25.0,119.0,85.28,79.86,0.8,0.8,0.8,114.0,30.0,28.0,116.0,61.9,61.81,0.57,0.71,0.62,137.0,7.0,103.0,41.0,59.74,64.24,0.61,0.72,0.64,135.0,9.0,94.0,50.0,55.84,56.25,0.46,0.77,0.56,144.0,0.0,126.0,18.0,56.71,57.29,0.49,0.71,0.57,141.0,3.0,120.0,24.0,86.58,80.21,0.8,0.8,0.8,114.0,30.0,27.0,117.0
2,79.65,79.86,0.8,0.81,0.8,127.0,17.0,41.0,103.0,85.28,80.21,0.8,0.8,0.8,119.0,25.0,32.0,112.0,83.12,78.47,0.78,0.79,0.78,109.0,35.0,27.0,117.0,64.5,65.62,0.61,0.78,0.66,142.0,2.0,97.0,47.0,61.47,62.5,0.56,0.79,0.62,144.0,0.0,108.0,36.0,56.28,59.03,0.52,0.73,0.59,141.0,3.0,115.0,29.0,82.25,80.21,0.8,0.8,0.8,121.0,23.0,34.0,110.0
3,85.28,81.6,0.82,0.82,0.82,111.0,33.0,20.0,124.0,80.52,82.99,0.83,0.83,0.83,118.0,26.0,23.0,121.0,83.98,82.64,0.83,0.83,0.83,118.0,26.0,24.0,120.0,63.64,66.32,0.63,0.74,0.66,137.0,7.0,90.0,54.0,57.14,62.15,0.56,0.76,0.62,142.0,2.0,107.0,37.0,64.94,70.14,0.68,0.77,0.7,138.0,6.0,80.0,64.0,85.71,81.6,0.82,0.82,0.82,113.0,31.0,22.0,122.0
4,85.28,84.03,0.84,0.84,0.84,118.0,26.0,20.0,124.0,79.22,79.17,0.79,0.8,0.79,105.0,39.0,21.0,123.0,78.35,80.9,0.81,0.81,0.81,115.0,29.0,26.0,118.0,71.0,70.83,0.7,0.74,0.71,76.0,68.0,16.0,128.0,73.16,71.88,0.71,0.76,0.72,132.0,12.0,69.0,75.0,70.13,66.67,0.64,0.74,0.67,135.0,9.0,87.0,57.0,83.98,84.03,0.84,0.84,0.84,117.0,27.0,19.0,125.0
5,84.42,81.25,0.81,0.81,0.81,115.0,29.0,25.0,119.0,53.25,52.43,0.4,0.64,0.52,141.0,3.0,134.0,10.0,81.82,82.64,0.83,0.83,0.83,116.0,28.0,22.0,122.0,56.28,61.11,0.56,0.72,0.61,139.0,5.0,107.0,37.0,61.9,67.36,0.65,0.74,0.67,135.0,9.0,85.0,59.0,68.83,71.88,0.7,0.77,0.72,135.0,9.0,72.0,72.0,84.85,81.6,0.82,0.82,0.82,118.0,26.0,27.0,117.0
6,83.98,82.29,0.82,0.82,0.82,120.0,24.0,27.0,117.0,83.55,81.6,0.82,0.82,0.82,114.0,30.0,23.0,121.0,71.43,71.88,0.72,0.72,0.72,110.0,34.0,47.0,97.0,66.23,65.62,0.62,0.75,0.66,139.0,5.0,94.0,50.0,67.1,64.24,0.61,0.7,0.64,131.0,13.0,90.0,54.0,67.1,65.28,0.62,0.73,0.65,136.0,8.0,92.0,52.0,84.42,81.6,0.82,0.82,0.82,117.0,27.0,26.0,118.0
7,78.35,75.0,0.75,0.75,0.75,107.0,37.0,35.0,109.0,61.04,57.64,0.53,0.63,0.58,38.0,106.0,16.0,128.0,55.41,55.9,0.49,0.64,0.56,26.0,118.0,9.0,135.0,67.53,68.06,0.66,0.75,0.68,136.0,8.0,84.0,60.0,56.28,59.72,0.53,0.72,0.6,140.0,4.0,112.0,32.0,80.52,78.47,0.78,0.8,0.78,130.0,14.0,48.0,96.0,79.65,74.65,0.75,0.75,0.75,106.0,38.0,35.0,109.0
8,80.09,82.99,0.83,0.83,0.83,121.0,23.0,26.0,118.0,79.65,83.33,0.83,0.83,0.83,121.0,23.0,25.0,119.0,80.95,84.38,0.84,0.84,0.84,121.0,23.0,22.0,122.0,54.11,52.08,0.38,0.69,0.52,143.0,1.0,137.0,7.0,63.64,66.32,0.64,0.73,0.66,135.0,9.0,88.0,56.0,55.84,56.25,0.46,0.74,0.56,143.0,1.0,125.0,19.0,80.09,82.64,0.83,0.83,0.83,121.0,23.0,27.0,117.0
9,81.39,80.21,0.8,0.8,0.8,110.0,34.0,23.0,121.0,59.31,57.99,0.57,0.58,0.58,67.0,77.0,44.0,100.0,81.39,81.25,0.81,0.82,0.81,103.0,41.0,13.0,131.0,56.71,52.43,0.47,0.54,0.52,121.0,23.0,114.0,30.0,70.13,70.49,0.69,0.77,0.7,136.0,8.0,77.0,67.0,58.44,62.15,0.56,0.77,0.62,143.0,1.0,108.0,36.0,78.79,80.21,0.8,0.81,0.8,108.0,36.0,21.0,123.0
4.5,82.598,80.939,0.8090000000000002,0.8100000000000002,0.8090000000000002,115.7,28.3,26.6,117.4,74.76199999999999,73.647,0.7180000000000002,0.754,0.7360000000000001,106.0,38.0,37.9,106.1,76.363,76.35499999999999,0.752,0.7829999999999999,0.764,106.5,37.5,30.6,113.4,62.208000000000006,63.05499999999999,0.583,0.722,0.6299999999999999,131.2,12.8,93.6,50.4,62.596999999999994,64.23700000000001,0.5980000000000001,0.7449999999999999,0.6399999999999999,137.6,6.4,96.6,47.4,63.593,64.41,0.593,0.7470000000000001,0.643,138.3,5.7,96.8,47.2,82.64099999999999,80.8,0.8090000000000002,0.8100000000000002,0.8090000000000002,115.2,28.8,26.5,117.5
9.166666666666666,7.575262222222228,6.713676666666664,0.0006766666666666655,0.0006666666666666656,0.0006766666666666655,43.12222222222223,43.122222222222234,43.37777777777779,43.377777777777794,144.26497333333336,151.7569566666666,0.024551111111111107,0.00933777777777778,0.015182222222222224,925.1111111111111,925.1111111111111,1200.5444444444445,1200.5444444444445,103.97422333333334,99.57107222222223,0.015328888888888892,0.004756666666666666,0.00989333333333333,884.2777777777778,884.2777777777778,758.0444444444447,758.0444444444445,29.573173333333337,38.80578333333333,0.008801111111111112,0.004928888888888889,0.004044444444444444,418.17777777777775,418.1777777777778,967.3777777777777,967.3777777777777,35.2876233333333,23.431934444444426,0.00588444444444444,0.0008722222222222237,0.002333333333333332,22.044444444444437,22.04444444444444,310.2666666666667,310.26666666666665,66.66162333333331,55.47942222222222,0.01160111111111111,0.0008677777777777793,0.005512222222222223,18.01111111111111,18.011111111111113,641.5111111111112,641.5111111111112,7.968476666666648,6.089755555555548,0.000609999999999999,0.0005999999999999991,0.000609999999999999,25.288888888888888,25.28888888888889,26.27777777777778,26.27777777777778
3.0276503540974917,2.7523194259064896,2.5910763529210525,0.026012817353502204,0.02581988897471609,0.026012817353502204,6.566751268490548,6.566751268490549,6.586180818788518,6.5861808187885185,12.011035481311898,12.318967353908631,0.15668794181784093,0.09663217775553741,0.1232161605562445,30.41563925205438,30.41563925205438,34.648873638899786,34.648873638899786,10.196775143805679,9.9785305642776,0.12380989010934826,0.06896859188548557,0.09946523680831072,29.736808466575187,29.736808466575187,27.532606931499327,27.53260693149932,5.438122224935124,6.229428812767133,0.09381423725166192,0.0702060459568041,0.06359594676112972,20.449395535755517,20.44939553575552,31.102697274959574,31.102697274959574,5.940338654768203,4.840654340525093,0.07671013260609344,0.029533408577782274,0.04830458915396478,4.6951511631090685,4.6951511631090685,17.61438805825132,17.61438805825132,8.164656963604369,7.448450994819138,0.10770845422301403,0.029458068127047626,0.07424434134816082,4.24394994210713,4.24394994210713,25.328069628598055,25.328069628598055,2.822849033630146,2.4677430084098195,0.02469817807045692,0.02449489742783176,0.02469817807045692,5.028805910838963,5.028805910838963,5.126185499743233,5.126185499743233
